<?xml version="1.0"?>
<!--Menu information for BASeEdit XP-->
<UICONFIG>
<!--Imagelists should come first, simply so they can be referred to later.-->



<MENUSET NAME="POPUP">
	<MENU NAME="TEST1" CAPTION="TEST"></MENU>
	<MENU NAME="TEST2" CAPTION="TEST2"></MENU>
</MENUSET>
<MENUSET NAME="FILTER">
	<MENU NAME="EDIT" OPERATION="FILTER::EDIT" CAPTION="{}Edit..."></MENU>
	<MENU NAME="REMOVE" OPERATION="FILTER::REMOVE" CAPTION="{}Remove"></MENU>
	<MENU NAME="REMOVE" OPERATION="FILTER::REMOVE" CAPTION="{}Add..."></MENU>

</MENUSET>

<TOOLBAR NAME="BARTEST">
	<BUTTON NAME="TEST1" CAPTION="TEST1"></BUTTON>
	<BUTTON NAME="TEST1" CAPTION="TEST2"></BUTTON>
</TOOLBAR>

</UICONFIG>